{"Angles": {"Head": {"Pitch": {"Degree": 27.762981, "Radian": 0.4845554286186278}, "Yaw": {"Degree": 24.058256, "Radian": 0.4198957794876809}}, "Shoulders": {"Left": {"Roll": {"Degree": 25.345853400000003, "Radian": 0.4423685935577994}, "Pitch": {"Degree": 58.30109038333334, "Radian": 1.0175459846919697}}, "Right": {"Roll": {"Degree": -27.355188, "Radian": -0.4774380981020426}, "Pitch": {"Degree": -11.361346983333334, "Radian": -0.19829291232069202}}}, "Elbows": {"Left": {"Roll": {"Degree": -21.896567788888902, "Radian": -0.382167202802246}}, "Right": {"Roll": {"Degree": -3.027714480555554, "Radian": -0.05284358649600425}}}, "Wrists": {"Left": {"Roll": {"Degree": null, "Radian": null}}, "Right": {"Roll": {"Degree": null, "Radian": null}}}, "Hip": {"Left": {"Roll": {"Degree": null, "Radian": null}, "Pitch": {"Degree": null, "Radian": null}}, "Right": {"Roll": {"Degree": null, "Radian": null}, "Pitch": {"Degree": null, "Radian": null}}}}, "Status": {"Hands": {"Left": {"is_open": 1}, "Right": {"is_open": 1}}}}